col,count
jack,323
cecily,322
algernon,303
gwendolen,240
project,173
lady,143
bracknell,126
gutenberg-tm,112
will,107
ernest,101
work,101
1,91
well,86
prism,85
dear,83
gutenberg,73
worthing,67
brother,65
chasuble,65
works,64
good,61
john,58
electronic,54
time,52
lane,49
people,48
course,47
terms,46
thing,45
foundation,44
bunbury,43
life,41
enter,40
merriman,40
fact,37
perfectly,36
aunt,36
room,36
agreement,36
man,35
married,35
things,34
house,34
cardew,32
fairfax,32
license,32
kind,31
full,31
young,31
donations,30
sir,30
country,29
suppose,29
engaged,28
copyright,28
long,28
muffins,28
uncle,27
serious,27
great,27
literary,27
copy,26
archive,26
town,26
talk,26
christened,26
org,26
love,25
moment,25
better,25
dr,25
place,25
case,24
algy,23
girl,23
speak,23
public,23
call,23
augusta,23
hand,22
united,22
paper,22
round,22
trademark,22
feel,22
paragraph,22
pattern,21
it's,21
poor,21
i'm,21
hope,20
set,20
access,20
afraid,20
years,20
bad,20
darling,20
refund,20
mind,20
3,19
told,19
garden,19
going,19
matter,19
ebook,19
guardian,18
diary,18
tea,18
agree,18
eat,17
afternoon,17
read,17
takes,17
woman,17
laws,17
associated,17
week,17
three,17
including,17
business,17
absurd,16
pleasure,16
hand-bag,16
fee,16
domain,16
night,16
london,16
age,16
rising,16
day,15
men,15
boy,15
cousin,15
http,15
extremely,14
yellow,14
table,14
distributing,14
hear,14
person,14
days,14
met,14
head,14
copies,14
glad,14
earth,14
permission,14
provide,14
charge,14
manner,14
-,14
fellow,14
find,14
till,14
ebooks,14
child,14
question,14
idea,14
butter,14
eating,14
called,14
form,13
5,13
left,13
notice,13
pray,13
beg,13
live,13
morning,13
heavens,13
hour,13
pglaf,13
4,13
nonsense,13
received,12
character,12
subject,12
fond,12
plain,12
allow,12
distribute,12
volunteers,12
comply,12
mamma,12
jennie,12
free,12
bread,12
truth,12
one's,12
women,12
care,12
puts,12
writing,12
couldn't,12
paid,12
moncrieff,12
tax,12
help,12
web,12
cigarette,12
pretty,12
ward,12
distribution,12
pause,11
perfect,11
sit,11
friend,11
future,11
doubt,11
german,11
felt,11
wall-paper,11
nature,11
engagement,11
thought,11
order,11
bunburyist,11
small,11
baby,11
duty,11
half,11
leave,10
heartless,10
pleasant,10
money,10
standing,10
door,10
physical,10
hate,10
general,10
mother,10
tea-cake,10
medium,10
pardon,10
sweet,10
hands,10
position,10
replacement,10
heard,10
sleep,10
limited,10
understand,10
bound,10
marry,10
written,10
suddenly,10
number,10
wonderful,10
cake,10
compliance,10
owner,10
watch,9
sense,9
entirely,9
donate,9
8,9
opportunity,9
sake,9
looked,9
nervous,9
influence,9
phrase,9
visit,9
reason,9
contact,9
wait,9
painful,9
knew,9
unfortunate,9
dinner,9
slowly,9
severe,9
window,9
high,9
return,9
mission,9
displaying,9
terrible,9
mentioned,9
slight,9
modern,9
posted,9
strange,9
windows,9
online,8
flowers,8
fancy,8
requirements,8
format,8
marriage,8
collection,8
stand,8
produces,8
mention,8
christian,8
damages,8
wicked,8
gentleman,8
sugar,8
distributed,8
located,8
chill,8
moral,8
editions,8
site,8
produce,8
propose,8
freely,8
support,8
explanation,8
status,8
depends,8
music,8
absolutely,8
additional,8
write,8
bunburying,8
copying,8
consent,8
creep,8
horrid,8
providing,8
hard,8
effort,8
follow,8
attractive,8
provided,8
voice,8
trouble,8
fees,8
lord,8
holder,8
change,8
children,8
deny,8
whatsoever,8
creating,8
nice,8
dine,8
clever,8
large,8
asked,8
individual,8
offers,8
air,8
cough,8
romantic,7
ready,7
kisses,7
letters,7
sitting,7
exactly,7
paris,7
girls,7
admit,7
earnest,7
turn,7
eyes,7
carefully,7
email,7
clearly,7
wonder,7
monday,7
social,7
appear,7
second,7
anxious,7
severely,7
health,7
creeping,7
word,7
lie,7
intellectual,7
naturally,7
9,7
shakes,7
kindly,7
tired,7
quiet,7
ahem,7
wanted,7
start,7
foundation's,6
7,6
disclaimer,6
frankly,6
father,6
speaking,6
constant,6
30,6
liability,6
efforts,6
lose,6
sweetly,6
forgive,6
parents,6
innocent,6
lost,6
links,6
royalty,6
bit,6
permitted,6
defective,6
rate,6
mine,6
fast,6
hair,6
applicable,6
family,6
entity,6
death,6
to-night,6
derivative,6
user,6
relations,6
remember,6
official,6
complying,6
cost,6
invalid,6
front,6
minutes,6
payments,6
forward,6
performing,6
receive,6
wallpaper,6
moving,6
included,6
coming,6
simply,6
sort,6
limitation,6
clear,6
warranties,6
die,6
evening,6
usual,6
months,6
lot,6
spade,6
nowadays,6
markby,6
peculiarly,6
meet,6
calmly,6
card,6
manor,6
allowed,6
sun,6
spite,6
ago,6
equipment,6
bed,6
that's,6
short,6
interesting,6
nephew,6
weather,6
charming,6
play,6
sister,6
defect,6
silly,6
worse,6
simple,6
sofa,6
side,6
point,6
open,6
interested,6
society,6
paragraphs,6
require,6
salver,6
2,6
accepted,6
expected,6
dead,6
law,6
address,6
straight,6
beautiful,6
laughing,5
duties,5
expression,5
intend,5
sandwiches,5
purpose,5
shame,5
vulgar,5
railway,5
wife,5
legal,5
shropshire,5
station,5
admirable,5
deal,5
education,5
lots,5
ordinary,5
destroy,5
disappointment,5
kiss,5
desire,5
reach,5
sick,5
arrangements,5
careful,5
younger,5
smallest,5
personally,5
lives,5
views,5
christenings,5
cardew's,5
points,5
lay,5
extraordinary,5
keeping,5
dress,5
rises,5
canon,5
moonlight,5
names,5
aware,5
practice,5
clothes,5
move,5
check,5
trust,5
train,5
proper,5
deception,5
real,5
cup,5
thoroughly,5
',5
daylight,5
offer,5
ascii,5
forgotten,5
choose,5
parties,5
marked,5
there's,5
confidence,5
approve,5
cucumber,5
send,5
road,5
broken,5
arms,5
error,5
property,5
appetite,5
proposed,5
false,5
surely,5
yesterday,5
happy,5
accounts,5
chair,5
pleased,5
ideas,5
died,5
finished,5
absolute,5
caught,5
husband,5
delightful,5
waiting,5
discovered,5
sooner,5
english,5
unpleasant,5
best,5
worthing's,5
conduct,5
nursery,5
hereditary,5
rarely,5
rules,5
walks,5
foolish,5
permanent,5
doctor,5
smell,5
carriage,5
turns,5
making,5
seriously,5
connected,4
australia,4
papa,4
exploded,4
circumstances,4
wall,4
copied,4
instance,4
implied,4
lieu,4
settled,4
vanilla,4
office,4
rise,4
rid,4
physician,4
royalties,4
preserve,4
drawing,4
albany,4
based,4
lovely,4
computers,4
daytime,4
lesson,4
obtaining,4
charlotte,4
registered,4
other's,4
bring,4
turned,4
definite,4
strict,4
top,4
receipt,4
warranty,4
numerous,4
shaking,4
friends,4
picks,4
trivial,4
amazement,4
contributions,4
old-fashioned,4
task,4
angry,4
plate,4
charitable,4
created,4
answer,4
sending,4
calls,4
breach,4
federal,4
to-morrow,4
french,4
wonderfully,4
entrapped,4
ghastly,4
talking,4
eighteen,4
times,4
6,4
horror,4
active,4
promoting,4
goodness,4
employees,4
produced,4
footman,4
roses,4
counties,4
prepare,4
90,4
carried,4
inspires,4
lumps,4
starts,4
sentence,4
history,4
firm,4
science,4
runs,4
wine,4
dog-cart,4
muffin-dish,4
year,4
assistance,4
weeks,4
worst,4
break,4
respect,4
widest,4
exit,4
expenses,4
file,4
rest,4
shake,4
servants,4
strong,4
consider,4
removed,4
ten,4
fear,4
formats,4
manuscript,4
language,4
twenty,4
color,4
square,4
profile,4
electronically,4
i'd,4
solicit,4
furniture,4
hours,4
improve,4
damage,4
thirty,4
gross,4
redistributing,4
references,4
church,4
questions,4
saturday,4
enters,4
single,4
redistribution,4
indignation,4
surprise,4
claim,4
readable,4
picking,4
michael,4
paying,4
entanglement,4
walk,4
specially,4
exempt,4
floor,4
scene,4
glares,4
intention,4
land,4
incident,4
re-use,4
1952,4
thomas,4
files,4
computer,4
nervously,4
matters,4
impressions,4
cheek,4
downstairs,4
to-day,4
fundraising,4
common,4
concept,4
distinctly,4
they're,4
lead,4
domestic,4
elder,4
strength,4
concerning,4
easy,4
mourning,4
profit,4
changes,4
costs,4
protect,4
advise,4
owns,4
prominently,4
mental,4
cloak-room,4
volunteer,4
faster,4
844,4
generations,4
perkins,4
dreadful,4
confirmed,4
laugh,4
advanced,4
addresses,4
gilman,4
drawn,4
luggage,4
printed,4
brought,4
politely,4
cloth,4
rose,4
true,4
locations,4
hold,4
restrictions,4
changed,4
considerable,4
experienced,4
offering,4
book,4
retire,4
hart,4
big,4
absence,4
street,4
headache,4
embrace,3
morning-room,3
conversation,3
prevent,3
happen,3
moments,3
practically,3
wrote,3
surprised,3
deceiving,3
favour,3
promise,3
buy,3
appears,3
wells,3
examines,3
embraces,3
reading,3
special,3
estate,3
low,3
unmarried,3
sensible,3
embracing,3
determined,3
leading,3
variety,3
remotest,3
occur,3
charity,3
satisfaction,3
adore,3
ways,3
crying,3
exercise,3
lock,3
houses,3
practised,3
remain,3
loving,3
news,3
stay,3
invariably,3
face,3
beauty,3
cuts,3
meant,3
glare,3
chief,3
he's,3
possession,3
upper,3
belgrave,3
occasion,3
legally,3
accept,3
determine,3
library,3
ring,3
passionately,3
advancing,3
display,3
confirmation,3
relief,3
food,3
victoria,3
resides,3
beats,3
dentist,3
blow,3
continues,3
happened,3
thirty-five,3
sad,3
light,3
tunbridge,3
shines,3
result,3
female,3
sight,3
hopelessly,3
thursday,3
heads,3
touched,3
happily,3
sudden,3
staying,3
invented,3
sees,3
aristocracy,3
noise,3
mary,3
501,3
perambulator,3
repentance,3
wrong,3
late,3
shallow,3
suffer,3
short-sighted,3
14th,3
edition,3
inexcusable,3
dangerous,3
completely,3
neighbours,3
cloud,3
queer,3
distasteful,3
seizes,3
listening,3
fancies,3
sternly,3
excitement,3
pocket,3
buttonhole,3
refuse,3
novel,3
grows,3
books,3
laid,3
bored,3
invaluable,3
attached,3
dearest,3
income,3
secure,3
pure,3
champagne,3
private,3
grave,3
colour,3
daresay,3
actual,3
third,3
cease,3
finally,3
bracknell's,3
box,3
cheerily,3
suspect,3
comfort,3
disposition,3
sinks,3
suits,3
agitated,3
dignified,3
flirt,3
separate,3
fools,3
save,3
tall,3
silence,3
happiness,3
tedious,3
worn,3
temporary,3
alteration,3
dream,3
willis's,3
vital,3
obliged,3
impossible,3
delight,3
places,3
period,3
possibilities,3
tonics,3
soul,3
fall,3
obvious,3
occasionally,3
indignant,3
disgraceful,3
ignorance,3
higher,3
fortunate,3
presence,3
sound,3
exciting,3
reasonable,3
sensational,3
dare,3
approaches,3
excessively,3
meditatively,3
proudly,3
forced,3
concerned,3
errors,3
county,3
satisfactory,3
receiving,3
began,3
spots,3
remaining,3
black,3
sounds,3
governess,3
muffin,3
irritably,3
service,3
heavy,3
corrupt,3
woolton,3
premature,3
key,3
knowing,3
carry,3
bell,3
fully,3
direction,3
inform,3
telling,3
walls,3
habit,3
chance,3
behave,3
george,3
aren't,3
perform,3
bars,3
sadly,3
weakness,3
returned,3
easily,3
neglect,3
corner,3
blue,3
fungus,3
misunderstanding,3
birth,3
february,3
drink,3
dining-room,3
bows,3
pleasures,3
arbors,3
unhappy,3
cucumbers,3
cases,3
stairs,3
drop,3
contained,3
john's,3
elaborate,3
court,3
credit,3
bedstead,3
imagine,3
performed,3
wished,3
caused,3
pay,3
memory,3
directly,3
families,3
watched,3
condition,3
susceptible,3
decision,3
secret,3
stopped,3
pulled,3
three-volume,3
empty,3
living,3
travel,2
likelihood,2
doubts,2
oscar,2
outfit,2
spheres,2
filled,2
noticing,2
stations,2
highest,2
include,2
distributor,2
staff,2
sprawling,2
countries,2
obsolete,2
fairbanks,2
opposition,2
unlink,2
periodic,2
1500,2
sermon,2
charms,2
rushes,2
production,2
henry,2
sub-pattern,2
circle,2
inexperienced,2
space,2
army,2
plantain,2
vibrations,2
cod,2
returns,2
expend,2
financial,2
meat,2
critical,2
classes,2
schools,2
snare,2
lack,2
odor,2
tray,2
furious,2
occurred,2
scrapes,2
disappear,2
university,2
leather,2
handles,2
demand,2
farquhar,2
gorgon,2
account,2
playroom,2
hungry,2
pounds,2
agent,2
childish,2
devotedly,2
moon,2
confidingly,2
chin,2
modified,2
revenue,2
nailed,2
sandwich,2
flirts,2
slice,2
venture,2
restrains,2
speaks,2
sharing,2
exclusion,2
bore,2
well-kept,2
jack's,2
rare,2
wounded,2
previous,2
touch,2
metaphor,2
misconception,2
viewed,2
principal,2
covered,2
lorgnettte,2
horrible,2
gravely,2
cynical,2
manages,2
disclaim,2
immensely,2
altered,2
curves,2
distress,2
corporation,2
originator,2
frantic,2
success,2
green,2
motives,2
lorgnette,2
newspaper,2
notifies,2
fortunately,2
emigrating,2
growing,2
gwendolen--cecily--it,2
popular,2
performances,2
forte,2
smiles,2
airily,2
expressed,2
indemnity,2
charities,2
interminable,2
candour,2
facility,2
codes,2
laughed,2
gutenberg's,2
forget,2
economy,2
tongs,2
presenting,2
baptism,2
eligible,2
commercial,2
required,2
telegram,2
proposing,2
beds,2
guardian's,2
revolting,2
undoubtedly,2
viewing,2
extent,2
newsletter,2
alluring,2
park,2
derived,2
allowing,2
strangely,2
stone,2
apply,2
bloxham,2
breadths,2
unknown,2
inaccurate,2
wide,2
programme,2
title,2
main,2
stress,2
disturb,2
distinct,2
learned,2
algernon's,2
vicious,2
desperate,2
improper,2
system,2
suffering,2
cowardly,2
granted,2
politeness,2
marrying,2
usen't,2
action,2
rector,2
resort,2
troubles,2
promotion,2
awful,2
smooch,2
egeria,2
safe,2
awake,2
verify,2
provisions,2
philanthropic,2
ticket,2
protection,2
constitution,2
effrontery,2
lists,2
sunday,2
disclaimers,2
rescue,2
proof,2
excesses,2
conclusion,2
transcription,2
ale,2
coldness,2
utterly,2
harbury,2
pains,2
mood,2
educational,2
paths,2
study,2
acts,2
confess,2
infringement,2
object,2
stroll,2
prism's,2
reaching,2
state's,2
professor,2
hon,2
relative,2
group,2
direct,2
machine,2
includes,2
plays,2
count,2
venturing,2
addition,2
discontinue,2
exists,2
director,2
fifteen,2
evidence,2
method,2
licensed,2
trot,2
over-dressed,2
taste,2
hills,2
neighbourhood,2
downloading,2
4557,2
candidly,2
first-class,2
author,2
shy,2
unfair,2
deceived,2
treat,2
shirt-cuff,2
load,2
zip,2
pupil,2
disloyalty,2
machinations,2
pretend,2
specific,2
engagements,2
thirty-,2
manager,2
dined,2
objection,2
801,2
wronged,2
alternate,2
liable,2
hundreds,2
gutenberg-tm's,2
developments,2
moment's,2
reached,2
responsibility,2
inside,2
secretive,2
repellent,2
suspected,2
wretched,2
incomplete,2
types,2
detestable,2
celibacy,2
gbnewby,2
pretended,2
parent,2
anguish,2
drinks,2
fun,2
decide,2
decline,2
compilation,2
longer,2
path,2
persons,2
respectability,2
'as-is',2
maximum,2
water,2
close,2
brighton,2
txt,2
sows,2
fondest,2
prepared,2
exporting,2
indemnify,2
paperwork,2
distressing,2
brother--his,2
possessed,2
ensuring,2
orders,2
sprinkling,2
natural,2
half-moon,2
cuffs,2
crossing,2
proprietary,2
profits,2
debts,2
network,2
allusion,2
easier,2
figure,2
sweetness,2
irritate,2
impression,2
mississippi,2
reconciliation,2
accepting,2
induce,2
four-five,2
leaving,2
excuse,2
original,2
despite,2
catching,2
hospitality,2
outrage,2
charges,2
lake,2
596-1887,2
valuable,2
harmless,2
self-control,2
publication,2
depend,2
instinctively,2
60,2
accessible,2
indirectly,2
breadth,2
effeminate,2
principle,2
taxes,2
anonymous,2
maid,2
indicate,2
west,2
admirably,2
lame,2
glasses,2
meeting,2
print,2
executive,2
unwell,2
facts,2
remove,2
derive,2
donation,2
strangles,2
were--well,2
fiction,2
detach,2
proofread,2
pink,2
dim,2
foot,2
updated,2
fifty,2
sherry,2
barred,2
candid,2
restraining,2
groans,2
virus,2
deletions,2
brothers,2
catch,2
proposal,2
steps,2
season,2
appointment,2
climb,2
refer,2
thoughtfully,2
warn,2
brightly,2
alter,2
request,2
party,2
locality,2
culture,2
expect,2
sat,2
lengths,2
stock-brokers,2
view,2
pint,2
shared,2
favourable,2
arm,2
regret,2
melan,2
irs,2
aunts,2
leads,2
christening,2
reports,2
data,2
internal,2
city,2
survive,2
approach,2
fascination,2
upright,2
grimace,2
perhaps--,2
angrily,2
deductible,2
latest,2
interrupting,2
butler,2
leaves,2
weak,2
primitive,2
chronicle,2
presents,2
incidental,2
problem,2
dreadfully,2
upside,2
curious,2
merchantibility,2
escape,2
interpreted,2
salt,2
drive,2
waists,2
wake,2
papers,2
inquiringly,2
waist,2
unenforceability,2
brilliant,2
array,2
feelings,2
unreadable,2
quarter,2
remedies,2
grand-daughter,2
hurt,2
kneeling,2
heaven's,2
manners,2
flight,2
displayed,2
current,2
subscribe,2
wise,2
entire,2
bulbous,2
seaside,2
hated,2
honour,2
hesitation,2
laetitia,2
creeps,2
defence,2
introduced,2
opens,2
crowds,2
badly,2
wildly,2
painfully,2
agricultural,2
father's,2
liver,2
deposited,2
noblest,2
satirically,2
considerably,2
abide,2
redistribute,2
spread,2
metaphysical,2
wilde,2
reckless,2
trees,2
trespassing,2
british,2
modification,2
identification,2
treatment,2
grief,2
brother's,2
flat,2
hates,2
depression,2
amusement,2
consoles,2
goals,2
meals,2
lights,2
cold,2
faults,2
political,2
middle-aged,2
84116,2
increasing,2
joyful,2
adopt,2
attention,2
gentleness,2
chooses,2
affections,2
comparatively,2
piece,2
shaded,2
allude,2
swamp,2
writes,2
theory,2
presumptuous,2
tears,2
contract,2
provision,2
dull,2
approaching,2
led,2
pencil,2
announcement,2
admission,2
knowledge,2
prohibition,2
broke,2
expressing,2
ordered,2
list,2
rev,2
closely,2
expense,2
elect,2
violates,2
methods,2
loose,2
loss,2
danger,2
advice,2
restored,2
gregory,2
realise,2
untruthful,2
arrived,2
astounded,2
you're,2
julia,2
cry,2
mask,2
newspapers,2
advisable,2
calculated,2
stored,2
64-6221541,2
sits,2
vestry,2
immersion,2
invitations,2
novels,2
airy,2
appearing,2
owed,2
statements,2
ceased,2
forty-two,2
hesitatingly,2
indignantly,2
void,2
extravagance,2
mistake,2
theatre,2
november,2
intimately,2
punitive,2
reap,2
openly,2
requires,2
gloves,2
mentioning,2
examining,2
express,2
tragic,2
upstairs,2
arrange,2
probable,2
creation,2
reminds,2
clean,2
agreed,2
crawl,2
superciliously,2
compressed,2
peeled,2
radiation,2
informed,2
renamed,2
imposed,2
aback,2
bottles,2
sphere,2
parasol,2
exist,2
breaking,2
149,2
prettiest,2
invalidity,2
checks,2
guest,2
shan't,2
experience,2
born,2
reads,2
housekeeper,2
prior,2
kissed,2
custom,2
cleared,2
20,2
possibility,2
search,2
enthusiastic,2
constantly,2
loves,2
calm,2
generous,2
investments,2
described,2
employee,2
enjoys,2
hadn't,2
examples,2
lifted,2
govern,2
retires,2
'from,2
remarkably,2
trusting,2
draws,2
unbearable,2
argue,2
arduous,2
ancient,2
bites,2
donors,2
july,2
distrusted,2
pg,2
strikes,2
hat,2
alexander,2
reduced,2
sign,2
convert,2
outdated,2
shoulder,2
style,2
representations,2
accessed,2
hypertext,2
'mr,2
exhaust,2
finds,2
walking,2
greedy,2
profession,2
99712,2
weigh,2
carries,2
know--but,2
shook,2
waddling,2
comfortable,2
spoke,2
blessed,2
be--and,2
inspire,2
grosvenor,2
ein,2
ak,2
dining,2
feeling,2
deceitful,2
receding,2
guests,2
opinion,2
larger,2
prove,2
triviality,2
incomparable,2
shady,2
gaining,2
funds,2
speculations,2
amuses,2
amuse,2
served,2
hearing,2
fitness,2
unsolicited,2
company,2
laughs,2
candidly--,2
binary,2
identify,2
listen,2
indifferent,2
asleep,2
older,2
scoundrel,2
faded,2
chafe,2
calculate,2
damaged,2
smart,2
sententiously,2
vicinity,2
indirect,2
discover,2
000,2
release,2
defects,2
2001,2
gratefully,2
sly,2
daily,2
watering,2
post,2
named,2
negligence,2
considering,2
leaf,2
rings,2
solicitation,2
opera,2
positively,2
f3,2
consequential,2
learn,2
ut,2
north,2
pity,2
idle,2
retort,2
fashionable,2
practical,2
consequently,2
committed,2
note-book,2
presume,2
regarded,2
romance,2
son,2
quietly,2
meaning,2
tone,2
relatives,2
bores,2
fortune,2
apoplexy,2
scornful,2
improvements,2
grotesque,2
sex,2
scattered,2
musn't,2
exercises,2
pretending,2
linked,2
groan,2
nonproprietary,2
opportunities,2
organized,2
promised,2
occupation,2
supplies,2
vegetarians,2
origin,2
forty,2
transcribe,2
ridiculous,2
calling,2
unmixed,2
fair,2
one--the,2
maintaining,2
shoots,2
oil,2
consideration,2
infant,2
processing,2
synonymous,2
809,2
irresistible,2
wearing,2
lip,2
kill,2
reproach,2
alliance,2
replace,2
away--you,2
funny,2
reward,2
curiously,2
whistle,2
neckties,2
design,2
hourly,2
indicating,2
march,2
encoding,2
improbable,2
epidemic,2
uniform,2
international,2
newby,2
share,2
e-mail,2
appearance,2
reaches,2
fearful,2
pointing,2
disk,2
sections,2
regulating,2
friendship,2
pleasantly,2
version,2
reported,2
50,2
hertfordshire,2
raising,2
ernest's,2
tells,2
you--are,2
behaved,2
additions,2
frequently,2
smoke,2
months',2
qualities,2
comedy,2
piano,2
barrier,1
solicitors,1
accumulation,1
irreligious,1
basinette,1
arguments,1
lieutenant,1
apprehensions,1
care--to,1
fog,1
detain,1
beverage,1
heaven--,1
nights,1
conspicuous,1
decay,1
coin,1
ill-natured,1
cultivates,1
equal,1
extension,1
morbidity,1
admitting,1
capacious,1
yesterday's,1
shut,1
gymnastics,1
flourishes--a,1
intact,1
alienating,1
utmost,1
wink,1
canninge,1
lips,1
--the,1
unspoiled,1
moulton's,1
stimulating,1
ravages,1
moonlight--the,1
house--to,1
carter,1
bewildered,1
manservant,1
earlier,1
riotous,1
cautioned,1
highly,1
existence,1
slept,1
carelessness,1
radical,1
cared,1
verily,1
lazy,1
affect,1
holding,1
hat-boxes,1
forgave,1
devotion,1
fibres,1
throws,1
remembered,1
stern,1
omnibus,1
sorts,1
appreciate,1
immoderately,1
utilitarian,1
inconvenience,1
continually,1
recognised,1
infuriating,1
vanity,1
said--very,1
helping,1
mudie,1
throwing,1
disguise,1
tidings,1
flower,1
orange,1
plunges,1
clasps,1
even--there,1
29,1
sentiment,1
me--the,1
vaguely,1
radically,1
ghostliness,1
uncertain,1
loudly,1
pulls,1
starting,1
1915,1
lax,1
behaving,1
loathe,1
dying,1
gravest,1
unoccupied,1
commerce,1
marriages,1
originally,1
shoreman,1
sympathies,1
rooms,1
lengthy,1
considered,1
bookcase,1
hedges,1
puzzled,1
hurrah,1
david,1
ungentlemanly,1
shape,1
drank,1
thirty-five--a,1
struck,1
outlying,1
before-hand,1
kinsey,1
sulphur,1
hinder,1
goose,1
inexplicable,1
hypothesis,1
rubbed,1
softly,1
situation,1
unpacked,1
me--not,1
icy,1
magazines,1
misfortune,1
lessee,1
daughter,1
stammering,1
oxonian,1
jacks,1
postal,1
grey,1
comparative,1
dearly,1
inquiry,1
luxury,1
records,1
sleeping,1
improvement,1
yard,1
metaphorically,1
spoils,1
shiver,1
chiefly,1
essence,1
communicate,1
haunted,1
congenial,1
power,1
child's,1
puzzling,1
physicians,1
aynesworth,1
surfaces,1
insist,1
affliction,1
poachers,1
paper--she,1
burning,1
outlines,1
preserved,1
shield,1
parish,1
superior,1
skulking,1
bless,1
dreamed,1
woke,1
silenced,1
lessons,1
observed,1
likes,1
repeated,1
apprised,1
dorking,1
choice,1
vincent,1
millard,1
discuss,1
disappointed,1
press,1
wars,1
subdued,1
guidance,1
manna,1
rope,1
st,1
interferes,1
fine,1
hysterical,1
depressing,1
fourth,1
cast,1
realised,1
accompany,1
reform,1
shapes,1
quails,1
report,1
misconstrued,1
monster,1
horticulturally,1
summer,1
hovering,1
remark,1
gladly,1
bayswater,1
suspense,1
girl-friends,1
daughter--a,1
peculiar,1
gloomily,1
cathedral,1
drew,1
struggle,1
rites,1
difficulty,1
hotel,1
coughs,1
'89,1
remotely,1
enthusiastically,1
spell,1
draught,1
slow-turning,1
reserving,1
judicial,1
once--i,1
contempt,1
driven,1
woe,1
arrive,1
spoken,1
remarks,1
monthly,1
velvet,1
pretence,1
migsby,1
develop,1
songs,1
ideal,1
twenty-nine,1
merriment,1
condolence,1
slanting,1
lecture,1
measles,1
civilised,1
establishment,1
deal--having,1
sunshine,1
spent,1
mitchell,1
sentiments,1
distressed,1
revolution,1
artistically,1
guide,1
body,1
confusion,1
unnecessary,1
secular,1
cultivated,1
suit,1
ailment,1
wedding,1
turning,1
thinks,1
excuses,1
vaccination,1
desires,1
example,1
handing,1
thoughtless,1
piazza,1
stare,1
worth,1
eccentric,1
pound,1
boring,1
hopes,1
defiance,1
fretful,1
surrey,1
assumed,1
brut,1
horribly,1
reception,1
accurately--but,1
eats,1
earnest-looking,1
imaginative,1
rush,1
average,1
dinner--i,1
adjoining,1
delirium,1
coincidences,1
mobbs,1
ceremonials,1
seat,1
shameful,1
hideous,1
damp,1
impressionable,1
judgments,1
satisfy,1
devoted,1
attempt,1
assures,1
hug,1
dirs,1
pessimist,1
normal,1
horizontally,1
preliminary,1
pulpits,1
scenes,1
bunbury's,1
31,1
forbidden,1
magley,1
admired,1
unfashionable,1
annoys,1
bear,1
precept,1
waken,1
alarm,1
ii,1
arrives,1
faint,1
attending,1
twopence,1
moncrieff's,1
vanbrugh,1
alas,1
--that,1
respectable,1
inattentive,1
fascinating,1
thousandth,1
content,1
tableau,1
pulling,1
bees,1
metallic,1
patterns,1
elderly,1
bare,1
letter,1
ended,1
quixotic,1
plaster,1
sprouting,1
solid,1
indian,1
demonstrative,1
story,1
exquisitely,1
incomprehensible,1
instant,1
irritating,1
nellie,1
majestic,1
height,1
discontent,1
gnawed,1
assured,1
iii,1
linen,1
unpleasing,1
maturity,1
sunlight,1
unreliable,1
knocks,1
departure,1
desirous,1
sigh,1
rope--you,1
speculating,1
meadows,1
sweetest,1
nigh,1
inquiries,1
omit,1
gate,1
impatient,1
sentimentality,1
exchanges,1
expurgations,1
expensive,1
decencies,1
outrageous,1
uncomfortable,1
discouraging,1
baptized,1
anabaptists,1
unfriendly,1
volume,1
perfection',1
washing,1
stirred,1
daughter's,1
irrevocable,1
confirmations,1
occasions,1
strictly,1
vacillating,1
deepest,1
patches,1
eye,1
budding,1
undertaking,1
revolutionary,1
remained,1
suffered,1
harvest,1
greatly,1
nuisance,1
first-rate,1
persistently,1
journeys,1
delicious,1
burden,1
bit--only,1
lucky,1
skulk,1
courage,1
bankruptcy,1
ensure,1
demeanour,1
provoke,1
mysterious,1
sticketh,1
ride,1
optic,1
canvas,1
nicer,1
converts,1
belonging,1
blank,1
commands,1
celibate,1
stony,1
'absolute,1
dictating,1
strangled,1
bunburyists,1
dinner-table,1
box-bordered,1
irritant,1
pointless,1
tied,1
he'll,1
2006,1
iso-646-us,1
grammar,1
expects,1
window--i,1
victim,1
chaps,1
ranks,1
playing,1
unhappily,1
problems,1
closer,1
distraction,1
anxiously,1
gower,1
tree,1
bunburyed,1
school,1
realize,1
unsatisfactory,1
thrift,1
illness,1
serve,1
--my,1
evensong,1
deserve,1
boys',1
smooches,1
madam,1
signs,1
pain,1
eternal,1
garb,1
flesh,1
destined,1
households,1
understand--a,1
neologistic,1
control,1
enduring,1
crushed,1
intrude,1
astonish,1
purple,1
watching,1
scepticism,1
jenkins,1
replaces,1
divine,1
bolton,1
hand-bag--a,1
ccx074,1
impossibility,1
ripeness,1
untenanted,1
gentle,1
porch,1
dwells,1
lancing,1
military,1
bowed,1
loved,1
indiscretion--has,1
cleverness,1
polite,1
bureau,1
white,1
elms,1
bottom,1
allen,1
glass,1
reforming,1
rain,1
sincerity,1
music-room,1
bills,1
heirs,1
scientific,1
dizzy,1
meditative,1
pathetic,1
husband's,1
eh,1
corrected,1
excited,1
believe--and,1
diagonally,1
grounds,1
unalterable,1
missed,1
gentlemen,1
companion,1
essentially,1
presses,1
babies,1
visible,1
bangle,1
frightened,1
principles,1
104,1
trunks,1
captain,1
colonel,1
personification,1
smoothly,1
irene,1
literature,1
sequence,1
florid,1
gathered,1
generals,1
relapse,1
provincial,1
luxuriously,1
pagan,1
seldom,1
unheard,1
bushes,1
repetition,1
punctuality,1
cottages,1
tragedy,1
capital,1
deeper,1
gouged,1
hiding,1
crawling,1
think--i,1
calculating,1
leamington,1
over-educated,1
separation,1
ground,1
invalids,1
entered,1
creditors,1
lined,1
flamboyant,1
finding,1
record,1
story-making,1
parlor,1
heretical,1
refuted,1
three-quarters,1
buried,1
brow,1
fluently,1
entry,1
politics,1
undeceive,1
catches,1
climate,1
humiliation,1
rapidly,1
remind,1
enjoy,1
encouraged,1
irretrievably,1
string,1
studying,1
shades,1
distinguish,1
explanations,1
methuen,1
stiffly,1
spend,1
niel,1
seats,1
lurid,1
wallowing,1
injury,1
ceremony,1
chapter,1
fierce,1
arabesque,1
chairs,1
geography,1
convinced,1
bloated,1
examine,1
inscription,1
bowing,1
scholar's,1
fireworks,1
peculiarity,1
gold,1
knees,1
uncertainty,1
2011,1
acted,1
comment,1
movement,1
separately,1
occupy,1
attentive,1
tampers,1
oneself,1
astray,1
figures,1
knobs,1
flourishing,1
bad--at,1
legislation,1
morbid,1
it--an,1
absurdly,1
stood,1
round--it,1
terminus,1
analogies,1
strip,1
domesticity,1
wholesome,1
declare,1
renovate,1
lease,1
greater,1
stain,1
cloak-,1
parting,1
aristocratic,1
enjoyment,1
felicity--but,1
self-sacrifice,1
devoured,1
thoughtful,1
sweeps,1
double,1
2008,1
scoffs,1
spot,1
match,1
tramples,1
poorer,1
bother,1
sticks,1
jane,1
speculation,1
posting,1
25,1
whitewashed,1
provoking,1
yards,1
boat,1
shilly-shallying,1
neck,1
blackberry,1
bought,1
22nd,1
patronising,1
paint,1
tendency,1
eldest,1
luncheon-basket,1
indecorous,1
consequence,1
envelopes,1
absorb,1
crowded,1
changeable,1
melancholy,1
shriek,1
august,1
seated,1
rupee,1
deepshaded,1
terror,1
thrill,1
violence,1
retreating,1
inharmonious,1
guides,1
pale,1
deposit,1
spelled,1
gentlest,1
affectionate,1
bred,1
stops,1
centre,1
fifeshire,1
reconsider,1
journey,1
frank,1
marechal,1
scissors,1
mark,1
humiliating,1
ordeal,1
expose,1
momentary,1
reference,1
answers,1
note,1
1999,1
--perhaps,1
basely,1
vines,1
peace,1
fairly,1
shoot,1
bachelor's,1
brings,1
smoking-,1
immoral,1
temptation,1
wonder--i,1
wasted,1
wilderness,1
instinct,1
pronounced,1
everlastingness,1
have--markby,1
offend,1
formed,1
gardeners,1
blame,1
bitterly,1
mattress,1
crosses,1
brand,1
memories,1
cards,1
treated,1
grand,1
mere,1
certificates,1
police,1
overhead,1
upsetting,1
delicate,1
lane's,1
competition,1
reclaim,1
melodramatic,1
depression--a,1
let's,1
ostentatiously,1
dentists,1
consolation,1
meal,1
horizontal,1
noises,1
argument,1
recoiling,1
resigned,1
fainted,1
ill,1
yew-tree,1
debonnair,1
analyze,1
reply,1
continuing,1
gently,1
gravity,1
wednesday,1
galore,1
scratched,1
jump,1
divorce,1
crape,1
rental,1
tiresome,1
surrender,1
doting,1
talked,1
girlish,1
womanthrope,1
--to,1
adults,1
fell,1
growths,1
empire,1
debased,1
excellent,1
intended,1
festal,1
conceited,1
tea-table,1
accustomed,1
endless,1
stained,1
hall,1
displeased,1
knot,1
'to-day,1
angel,1
mean--so,1
recommending,1
passionate,1
sorrow,1
tories,1
idiotic,1
phosphates,1
trusty,1
behalf,1
fruits,1
perplexing,1
celebrations,1
degree,1
encourage,1
minor,1
decent,1
regard,1
lamplight,1
succeeded,1
admire,1
merrily,1
dressing-room,1
ancestral,1
off--the,1
oftener,1
drama,1
abandoned,1
pleasanter,1
stands,1
grimly,1
details,1
arranging,1
hang,1
depended,1
dug,1
pleases,1
dumbleton,1
guarantee,1
evelyn,1
proved,1
simplicity,1
patient,1
satisfied,1
interposing,1
disliking,1
market,1
dressed,1
grotesques,1
undeceived,1
coldly,1
perrier-jouet,1
punctual,1
disown,1
forgot,1
aim,1
awake--o,1
girl's,1
annoyed,1
secretly,1
crumpets,1
refined,1
unromantic,1
isolated,1
picture,1
male,1
dislike,1
interests,1
inspects,1
invited,1
credulity,1
messrs,1
decided,1
1869,1
god's,1
frowning,1
advantage,1
leclercq,1
class,1
authors,1
hypocrisy,1
mansion,1
schedule,1
mallam,1
corner--but,1
observation,1
demoralising,1
hallo,1
confuse,1
fade,1
headlong,1
folly,1
reside,1
dyall,1
refreshment,1
reveal,1
angry--asked,1
locked,1
directions,1
sympathy,1
attribute,1
amount,1
fireplace,1
bottle,1
wipe,1
delivered,1
asks,1
peile,1
geology,1
matrimony,1
equally,1
faith,1
wharf,1
hanging,1
streak,1
seaweeds,1
crosslights,1
stamp,1
infinitely,1
experiences,1
marvellous,1
accurate,1
draughts,1
touches,1
lifetime,1
price,1
smoking,1
bay,1
stealing,1
chase,1
restraints,1
abstraction,1
recall,1
blessing,1
mothers,1
bachelors,1
smelled,1
creepy,1
whooping,1
finish,1
duchess,1
profitless,1
statistics,1
subsequently,1
lining,1
feels,1
gerald,1
exotic,1
languidly,1
extreme,1
cellar,1
toothache,1
rule,1
store,1
reminding,1
forbid,1
to-,1
slaps,1
reproachful,1
alternation,1
unpublished,1
thrown,1
teeth,1
careless,1
unreasonably,1
deceit,1
way--it,1
trains,1
interment,1
furnished,1
expressly,1
divorces,1
scotland,1
tint,1
splintered,1
adapted,1
unkind,1
axe,1
pack,1
1895,1
accurately--any,1
club,1
surmised,1
secrets,1
garden--large,1
artistic,1
lift,1
fruit,1
crawls,1
finger,1
gervase,1
equanimity,1
gwendolen's,1
lower,1
complaining,1
house--i,1
stir,1
temperament,1
wall-paper--he,1
hides,1
fixed,1
convincing,1
rushing,1
general's,1
entrancing,1
fate,1
hangings,1
prescription,1
more--i,1
shocked,1
refused,1
conscientiously,1
join,1
recollect,1
twins,1
posture,1
valued,1
lieutenant-colonel,1
liar,1
bedrooms,1
transcribed,1
calamity,1
phosphites--whichever,1
village,1
sensitive,1
judge,1
companionship,1
joints,1
clearer,1
uplifted,1
frankness,1
like--algernon--for,1
betrayed,1
smouldering,1
impertinence,1
mastered,1
symmetry,1
romanesque,1
connect,1
bag,1
curls,1
professional,1
gnarly,1
hatred,1
undulating,1
scheme,1
inspection,1
nature--i,1
involuntary,1
maxbohm,1
remains,1
basis,1
strangest,1
noticed,1
purchased,1
nephew's,1
kneels,1
patent,1
regular,1
intense,1
foul,1
querulous,1
immovable,1
crush,1
doctors,1
investigations,1
portmanteaus,1
wind,1
step,1
drawing-room,1
depress,1
smiling,1
grape-covered,1
chintz,1
stripped,1
sin,1
recurrent,1
underway,1
household,1
consternation,1
temperance,1
undivided,1
cried,1
spare,1
commit,1
bargain,1
inanimate,1
score,1
toadstool,1
waves,1
--how,1
lavished,1
indigestion,1
convulsively,1
ceremonies,1
introduce,1
glances,1
prefer,1
torn,1
heart,1
communication,1
registration,1
grandfather's,1
fingers,1
exacted,1
cut,1
mamma's,1
abroad,1
entertain,1
entertainment,1
restrained,1
markby's,1
deep,1
lover's,1
--but,1
explosion,1
altogether,1
notorious,1
permit,1
customary,1
increase,1
published,1
privately,1
patience,1
stimulus--but,1
shade,1
grieved,1
topic,1
ribbon,1
now--but,1
marries,1
so--i,1
tutelage,1
holds,1
delighted,1
blessings,1
endure,1
supposing,1
insuperable,1
equality,1
initials,1
bishop,1
perfection,1
semi-recumbent,1
shudder,1
sincere,1
shining,1
mercenary,1
platform,1
contrary,1
believed,1
goodness',1
attitude,1
january,1
brother--they,1
worlds,1
redoubled,1
astonishment,1
motions,1
tune,1
betoken,1
extravagant,1
trials,1
bloom,1
parcel,1
criticism,1
bet,1
letting,1
columns,1
sporran,1
smile,1
cross,1
attentively,1
hard-working,1
saw--not,1
authenticity,1
rectory,1
primary,1
vessels,1
lolls,1
winding,1
assure,1
twenty-eight,1
acquire,1
,1
consumed,1
cups,1
jacket,1
await,1
gay,1
suicide--plunge,1
contradictions,1
pick,1
branded,1
emotional,1
immaterial,1
o'clock,1
problematic,1
opened,1
buttercups,1
why--privately--i've,1
medical,1
goodbye,1
pew-opener,1
algy's,1
england,1
abused,1
basket,1
colonial,1
nervousness,1
repairs,1
formless,1
esteemed,1
interfered,1
fastened,1
thinking,1
unblinking,1
arranged,1
husbands,1
repeat,1
mustn't,1
disagree,1
care--there,1
east,1
constituted,1
comments,1
sickly,1
atrocious,1
nap,1
prevention,1
confessed,1
christening--i,1
alive,1
tie,1
push,1
slightingly,1
halls,1
doubted,1
dictation,1
well-hidden,1
glibly,1
mania,1
cheaply,1
paper--the,1
savour,1
angles,1
satisfies,1
repaper,1
fatuity,1
wear,1
evidently,1
member,1
miles,1
toadstools,1
rector's,1
trip,1
couples,1
hurriedly,1
remote,1
happier,1
profligate,1
us-ascii,1
subjects,1
mislaid,1
retain,1
lasted,1
trusted,1
gates,1
torturing,1
convolutions--why,1
that--you'll,1
declared,1
reproachfully,1
commended,1
hatband,1
destiny,1
ladies,1
fits,1
unionist,1
sussex,1
conduce,1
blurt,1
pillow-case,1
hop,1
perseverance,1
moon--i,1
lying,1
it--there,1
move--and,1
adds,1
overlook,1
christen,1
impetuous,1
refusing,1
classical,1
forgiving,1
--he,1
tradesmen,1
appealingly,1
shadow,1
rely,1
scandalous,1
paper--in,1
ray--it,1
stayed,1
room--it,1
beastly,1
lays,1
greenhouses,1
solely,1
relieve,1
tremens--go,1
punished,1
inquisitive,1
half-past,1
ideals,1
liberal,1
responsible,1
encouraging,1
coheirs,1
gymnasium,1
weir,1
canonical,1
dressing-case,1
nearer,1
james,1
phrased,1
james's,1
enormously,1
propounding,1
electric,1
distance,1
toy,1
back-somersault,1
twilight,1
bed--it,1
frieze,1
humble,1
frederick,1
committing,1
sexes,1
supposed,1
amazed,1
directory,1
acres,1
myth,1
size,1
complete,1
scrape,1
pass,1
tendency--what,1
started,1
bends,1
unexpectedly,1
derision,1
exception,1
solitude,1
wealth,1
trivet,1
quality,1
wagnerian,1
ungrateful,1
mopboard,1
prevents,1
conceal,1
chronicles,1
subtlest,1
disrespectfully,1
scandal,1
metropolitan,1
noble,1
1840,1
preached,1
tear,1
manage,1
anxiety,1
sends,1
weaker,1
sideways,1
aspect,1
dared,1
conscious,1
amused,1
frighten,1
bright,1
stooping,1
bitter,1
accepts,1
sole,1
guess,1
killed,1
thoughts,1
securely,1
unsound,1
fashion,1
pays,1
superstition,1
stake,1
sermons,1
midnight,1
misanthrope,1
myself--before,1
unclean,1
candle,1
round--round,1
pattern--it,1
