col,min(count)
gutenberg-tm,56
1,45
algernon,38
jack,33
works,32
electronic,27
foundation,22
agreement,18
donations,15
copyright,14
gwendolen,14
muffins,14
archive,13
trademark,11
paragraph,11
access,10
refund,10
3,9
agree,9
hand-bag,8
ernest,8
fee,8
domain,8
including,8
distributing,7
copies,7
http,7
permission,7
provide,7
-,7
ebooks,7
distribute,6
volunteers,6
comply,6
worthing,6
paid,6
markby,6
tax,6
web,6
distribution,6
heartless,5
shropshire,5
lives,5
cardew's,5
aunt,5
free,5
tea-cake,5
daylight,5
medium,5
replacement,5
limited,5
cake,5
smell,5
compliance,5
owner,5
australia,4
requirements,4
donate,4
rise,4
format,4
8,4
collection,4
lesson,4
damages,4
diary,4
sugar,4
distributed,4
located,4
contact,4
married,4
editions,4
site,4
freely,4
support,4
bread,4
status,4
dog-cart,4
additional,4
copying,4
profile,4
providing,4
displaying,4
provided,4
fees,4
land,4
holder,4
butter,4
changes,4
augusta,4
creating,4
ebook,4
posted,4
individual,4
headache,4
foundation's,3
7,3
disclaimer,3
prism,3
wells,3
embraces,3
liability,3
efforts,3
algy,3
sensible,3
sweetly,3
charity,3
yellow,3
it's,3
cardew,3
links,3
royalty,3
defective,3
dentist,3
thirty-five,3
sad,3
light,3
tunbridge,3
hopelessly,3
applicable,3
happily,3
staying,3
invented,3
project,3
general,3
entity,3
perambulator,3
derivative,3
user,3
painful,3
official,3
complying,3
neighbours,3
buttonhole,3
payments,3
severe,3
performing,3
champagne,3
receive,3
severely,3
box,3
flirt,3
fools,3
bunbury,3
limitation,3
vital,3
warranties,3
possibilities,3
indignant,3
spade,3
approaches,3
9,3
peculiarly,3
ago,3
heavy,3
equipment,3
key,3
walls,3
sir,3
george,3
arbors,3
defect,3
cucumbers,3
contained,3
paragraphs,3
condition,3
2,3
gutenberg,3
decision,3
cough,3
pulled,3
oscar,2
outfit,2
stations,2
highest,2
opposition,2
papa,2
circumstances,2
sermon,2
army,2
vibrations,2
plantain,2
copied,2
uncle,2
sandwiches,2
schools,2
snare,2
odor,2
implied,2
lieu,2
handles,2
playroom,2
settled,2
vanilla,2
gorgon,2
office,2
hungry,2
pounds,2
childish,2
devotedly,2
chin,2
perfectly,2
sandwich,2
flirts,2
royalties,2
will,2
jack's,2
metaphor,2
cynical,2
gravely,2
albany,2
altered,2
based,2
success,2
motives,2
emigrating,2
fortunately,2
forte,2
smiles,2
pleasure,2
forgive,2
computers,2
economy,2
beds,2
baptism,2
proposing,2
innocent,2
guardian's,2
lost,2
girls,2
obtaining,2
bloxham,2
registered,2
programme,2
stress,2
kiss,2
distinct,2
resort,2
afternoon,2
receipt,2
warranty,2
egeria,2
money,2
philanthropic,2
ticket,2
lists,2
arrangements,2
harbury,2
paths,2
old-fashioned,2
mood,2
contributions,2
physical,2
5,2
stroll,2
prism's,2
task,2
gentleman,2
hon,2
guardian,2
plays,2
angry,2
over-dressed,2
future,2
first-class,2
christenings,2
shirt-cuff,2
pupil,2
pretend,2
engagements,2
thirty-,2
dined,2
created,2
points,2
inside,2
suspected,2
breach,2
federal,2
parent,2
to-morrow,2
decline,2
path,2
entrapped,2
water,2
fondest,2
rises,2
prepared,2
distressing,2
sprinkling,2
half-moon,2
easier,2
6,2
active,2
reconciliation,2
four-five,2
leaving,2
promoting,2
employees,2
footman,2
counties,2
prepare,2
90,2
breadth,2
maid,2
admirably,2
chill,2
moral,2
strangles,2
lumps,2
starts,2
pink,2
barred,2
sherry,2
deception,2
appointment,2
season,2
climb,2
sentence,2
culture,2
locality,2
sat,2
history,2
propose,2
aunts,2
leads,2
explanation,2
wonder,2
dinner,2
interrupting,2
muffin-dish,2
truth,2
primitive,2
john,2
drive,2
widest,2
exit,2
expenses,2
file,2
heaven's,2
wallpaper,2
fellow,2
wise,2
seaside,2
removed,2
formats,2
badly,2
wildly,2
father's,2
tea,2
deposited,2
wilde,2
metaphysical,2
flat,2
consent,2
electronically,2
creep,2
sort,2
solicit,2
political,2
joyful,2
cucumber,2
affections,2
damage,2
bunburyist,2
talk,2
dull,2
redistributing,2
references,2
led,2
pencil,2
broken,2
pardon,2
broke,2
rev,2
list,2
attractive,2
restored,2
redistribution,2
cry,2
untruthful,2
error,2
property,2
sits,2
airy,2
vestry,2
immersion,2
invitations,2
novels,2
intellectual,2
readable,2
fairfax,2
moncrieff,2
november,2
cecily,2
michael,2
arrange,2
paying,2
entanglement,2
calmly,2
floor,2
radiation,2
exempt,2
peeled,2
informed,2
bottles,2
guest,2
reads,2
born,2
call,2
dr,2
loves,2
investments,2
baby,2
'from,2
files,2
computer,2
argue,2
cheek,2
concept,2
alexander,2
they're,2
shoulder,2
domestic,2
merriman,2
style,2
concerning,2
spoke,2
shook,2
mentioned,2
worthing's,2
conduct,2
larger,2
costs,2
gaining,2
funds,2
protect,2
amuses,2
amuse,2
laughs,2
owns,2
prominently,2
indifferent,2
good,2
smart,2
generations,2
dine,2
charming,2
watering,2
nonsense,2
considering,2
leaf,2
note-book,2
presume,2
regarded,2
son,2
tone,2
fortune,2
apoplexy,2
forty,2
printed,2
ridiculous,2
calling,2
shoots,2
politely,2
cloth,2
kill,2
reward,2
locations,2
design,2
neckties,2
quiet,2
improbable,2
considerable,2
experienced,2
pointing,2
eating,2
chasuble,2
hart,2
ernest's,2
windows,2
smoke,2
qualities,2
street,2
comedy,2
piano,2
online,1
hope,1
travel,1
embrace,1
likelihood,1
connected,1
doubts,1
barrier,1
solicitors,1
accumulation,1
irreligious,1
basinette,1
arguments,1
lieutenant,1
apprehensions,1
care--to,1
fog,1
nights,1
absurd,1
conspicuous,1
spheres,1
filled,1
laughing,1
noticing,1
morning-room,1
detain,1
received,1
beverage,1
include,1
distributor,1
staff,1
conversation,1
heaven--,1
sprawling,1
equal,1
decay,1
coin,1
watch,1
ill-natured,1
cultivates,1
character,1
romantic,1
shut,1
flowers,1
gymnastics,1
flourishes--a,1
intact,1
duties,1
exploded,1
extension,1
morbidity,1
admitting,1
capacious,1
prevent,1
countries,1
obsolete,1
fairbanks,1
yesterday's,1
expression,1
wink,1
ready,1
alienating,1
unlink,1
periodic,1
1500,1
leave,1
utmost,1
wall,1
day,1
sense,1
--the,1
pause,1
subject,1
frankly,1
intend,1
canninge,1
lips,1
henry,1
stimulating,1
ravages,1
sub-pattern,1
charms,1
engaged,1
happen,1
rushes,1
production,1
moulton's,1
unspoiled,1
moonlight--the,1
house--to,1
riotous,1
cautioned,1
cod,1
circle,1
inexperienced,1
space,1
carter,1
manservant,1
earlier,1
bewildered,1
verily,1
lazy,1
meat,1
highly,1
returns,1
expend,1
financial,1
existence,1
cared,1
carelessness,1
radical,1
slept,1
lack,1
affect,1
holding,1
instance,1
critical,1
classes,1
hat-boxes,1
forgave,1
devotion,1
fibres,1
throws,1
remembered,1
stern,1
fancy,1
father,1
tray,1
omnibus,1
purpose,1
appreciate,1
immoderately,1
utilitarian,1
sorts,1
moments,1
furious,1
occurred,1
inconvenience,1
practically,1
continually,1
wrote,1
scrapes,1
recognised,1
infuriating,1
fond,1
kisses,1
surprised,1
disappear,1
deceiving,1
shame,1
speaking,1
university,1
favour,1
leather,1
vanity,1
helping,1
mudie,1
said--very,1
set,1
account,1
perfect,1
orange,1
plain,1
plunges,1
entirely,1
men,1
promise,1
throwing,1
buy,1
demand,1
disguise,1
tidings,1
farquhar,1
flower,1
clasps,1
constant,1
appears,1
29,1
sentiment,1
even--there,1
ghostliness,1
uncertain,1
fact,1
examines,1
reading,1
agent,1
vaguely,1
radically,1
moon,1
me--the,1
copy,1
confidingly,1
vulgar,1
loudly,1
railway,1
pulls,1
starting,1
modified,1
1915,1
lax,1
behaving,1
loathe,1
dying,1
physician,1
special,1
nailed,1
gravest,1
rid,1
unoccupied,1
revenue,1
commerce,1
estate,1
low,1
rooms,1
boy,1
marriages,1
shoreman,1
sympathies,1
originally,1
hedges,1
30,1
slice,1
venture,1
lengthy,1
restrains,1
considered,1
bookcase,1
speaks,1
sharing,1
exclusion,1
bore,1
serious,1
rare,1
extremely,1
well-kept,1
pleasant,1
puzzled,1
david,1
ungentlemanly,1
shape,1
hurrah,1
sulphur,1
hinder,1
goose,1
form,1
wife,1
wounded,1
drank,1
thirty-five--a,1
unmarried,1
previous,1
struck,1
outlying,1
kinsey,1
touch,1
before-hand,1
inexplicable,1
hypothesis,1
rubbed,1
softly,1
legal,1
pattern,1
lose,1
misconception,1
preserve,1
situation,1
viewed,1
principal,1
unpacked,1
lessee,1
covered,1
icy,1
magazines,1
misfortune,1
me--not,1
comparative,1
cousin,1
hand,1
lorgnettte,1
embracing,1
horrible,1
daughter,1
stammering,1
oxonian,1
postal,1
grey,1
jacks,1
dearly,1
spoils,1
curves,1
manages,1
drawing,1
inquiry,1
luxury,1
records,1
disclaim,1
immensely,1
determined,1
letters,1
yard,1
metaphorically,1
improvement,1
sleeping,1
haunted,1
congenial,1
sitting,1
power,1
distress,1
shiver,1
corporation,1
originator,1
frantic,1
leading,1
essence,1
communicate,1
green,1
chiefly,1
child's,1
puzzling,1
lorgnette,1
newspaper,1
physicians,1
variety,1
notifies,1
aynesworth,1
outlines,1
growing,1
exactly,1
gwendolen--cecily--it,1
remotest,1
paris,1
popular,1
surfaces,1
insist,1
occur,1
performances,1
affliction,1
poachers,1
paper--she,1
burning,1
ways,1
lovely,1
interminable,1
satisfaction,1
adore,1
airily,1
preserved,1
expressed,1
shield,1
indemnity,1
charities,1
parish,1
crying,1
superior,1
skulking,1
bless,1
marriage,1
exercise,1
girl,1
repeated,1
candour,1
dreamed,1
facility,1
observed,1
likes,1
lessons,1
woke,1
silenced,1
lock,1
afraid,1
press,1
wars,1
sit,1
opportunity,1
man,1
apprised,1
dorking,1
choice,1
station,1
parents,1
codes,1
vincent,1
millard,1
discuss,1
disappointed,1
subdued,1
gutenberg's,1
hysterical,1
houses,1
depressing,1
fourth,1
allow,1
guidance,1
manna,1
st,1
forget,1
interferes,1
fine,1
laughed,1
daytime,1
rope,1
loving,1
tongs,1
presenting,1
practised,1
admirable,1
eligible,1
cast,1
realised,1
commercial,1
required,1
remain,1
reform,1
telegram,1
accompany,1
shapes,1
summer,1
revolting,1
deal,1
news,1
eat,1
quails,1
undoubtedly,1
viewing,1
extent,1
newsletter,1
stay,1
horticulturally,1
monster,1
hovering,1
report,1
misconstrued,1
lots,1
education,1
alluring,1
invariably,1
sake,1
face,1
park,1
remark,1
gladly,1
bayswater,1
suspense,1
derived,1
girl-friends,1
daughter--a,1
peculiar,1
gloomily,1
charlotte,1
ordinary,1
strangely,1
breadths,1
beauty,1
allowing,1
stone,1
apply,1
cathedral,1
drew,1
struggle,1
rites,1
hotel,1
difficulty,1
title,1
draught,1
destroy,1
slow-turning,1
unknown,1
stand,1
coughs,1
'89,1
remotely,1
enthusiastically,1
inaccurate,1
wide,1
spell,1
bring,1
produces,1
disappointment,1
table,1
cuts,1
other's,1
reserving,1
judicial,1
main,1
disturb,1
driven,1
woe,1
once--i,1
contempt,1
meant,1
vicious,1
friend,1
velvet,1
mention,1
learned,1
arrive,1
algernon's,1
spoken,1
remarks,1
desperate,1
turned,1
improper,1
monthly,1
slanting,1
bracknell,1
system,1
glare,1
suffering,1
cowardly,1
definite,1
pretence,1
migsby,1
granted,1
merriment,1
condolence,1
develop,1
songs,1
ideal,1
twenty-nine,1
deal--having,1
sunshine,1
troubles,1
looked,1
mitchell,1
strict,1
politeness,1
love,1
marrying,1
usen't,1
lecture,1
action,1
measles,1
chief,1
he's,1
rector,1
establishment,1
civilised,1
spent,1
top,1
numerous,1
confusion,1
desire,1
sentiments,1
promotion,1
shaking,1
artistically,1
guide,1
distressed,1
revolution,1
awful,1
smooch,1
body,1
friends,1
hear,1
awake,1
safe,1
thinks,1
unnecessary,1
possession,1
secular,1
cultivated,1
upper,1
suit,1
turning,1
ailment,1
wedding,1
excuses,1
piazza,1
stare,1
worth,1
verify,1
vaccination,1
provisions,1
example,1
handing,1
thoughtless,1
desires,1
hopes,1
kind,1
fretful,1
protection,1
constitution,1
effrontery,1
eccentric,1
sunday,1
boring,1
defiance,1
pound,1
reach,1
sick,1
imaginative,1
rush,1
belgrave,1
surrey,1
assumed,1
brut,1
disclaimers,1
picks,1
accurately--but,1
eats,1
earnest-looking,1
reception,1
horribly,1
standing,1
bit,1
determine,1
conclusion,1
delirium,1
ale,1
rescue,1
occasion,1
average,1
proof,1
legally,1
excesses,1
accept,1
transcription,1
library,1
ring,1
adjoining,1
dinner--i,1
careful,1
speak,1
permitted,1
trivial,1
christian,1
coincidences,1
mobbs,1
coldness,1
utterly,1
door,1
ceremonials,1
shameful,1
seat,1
hideous,1
damp,1
impressionable,1
assures,1
pains,1
amazement,1
educational,1
judgments,1
passionately,1
advancing,1
devoted,1
attempt,1
satisfy,1
hug,1
confess,1
study,1
horizontally,1
wicked,1
person,1
dirs,1
display,1
pessimist,1
acts,1
normal,1
31,1
forbidden,1
read,1
told,1
preliminary,1
confirmation,1
younger,1
infringement,1
object,1
scenes,1
bunbury's,1
pulpits,1
terms,1
relief,1
magley,1
reaching,1
state's,1
professor,1
annoys,1
bear,1
precept,1
admired,1
unfashionable,1
waken,1
nervous,1
relative,1
smallest,1
alarm,1
group,1
direct,1
machine,1
includes,1
ii,1
arrives,1
count,1
faint,1
personally,1
food,1
venturing,1
attending,1
twopence,1
victoria,1
addition,1
discontinue,1
exists,1
director,1
rate,1
moncrieff's,1
vanbrugh,1
fifteen,1
alas,1
--that,1
takes,1
thousandth,1
resides,1
beats,1
united,1
evidence,1
method,1
licensed,1
trot,1
taste,1
inattentive,1
respectable,1
fascinating,1
author,1
patterns,1
mine,1
hills,1
neighbourhood,1
content,1
woman,1
tableau,1
downloading,1
4557,1
pulling,1
candidly,1
bees,1
metallic,1
plaster,1
views,1
doubt,1
shy,1
plate,1
elderly,1
ended,1
unfair,1
quixotic,1
sprouting,1
bare,1
letter,1
irritating,1
nellie,1
deceived,1
solid,1
blow,1
treat,1
indian,1
story,1
exquisitely,1
incomprehensible,1
demonstrative,1
instant,1
height,1
influence,1
load,1
continues,1
german,1
days,1
zip,1
happened,1
majestic,1
sunlight,1
disloyalty,1
machinations,1
specific,1
discontent,1
iii,1
linen,1
unpleasing,1
maturity,1
assured,1
unreliable,1
knocks,1
gnawed,1
course,1
great,1
meadows,1
mamma,1
departure,1
desirous,1
sigh,1
manager,1
speculating,1
rope--you,1
gate,1
shines,1
met,1
sweetest,1
objection,1
nigh,1
801,1
charitable,1
omit,1
inquiries,1
outrageous,1
uncomfortable,1
discouraging,1
jennie,1
wronged,1
left,1
impatient,1
sentimentality,1
alternate,1
liable,1
hundreds,1
gutenberg-tm's,1
moment's,1
developments,1
exchanges,1
expurgations,1
expensive,1
decencies,1
baptized,1
anabaptists,1
unfriendly,1
volume,1
reached,1
perfection',1
responsibility,1
fast,1
washing,1
stirred,1
patches,1
head,1
eye,1
repellent,1
undertaking,1
secretive,1
lay,1
daughter's,1
hair,1
irrevocable,1
phrase,1
confirmations,1
occasions,1
strictly,1
vacillating,1
deepest,1
budding,1
paper,1
journeys,1
delicious,1
years,1
glad,1
burden,1
bit--only,1
skulk,1
earth,1
wretched,1
answer,1
revolutionary,1
result,1
remained,1
suffered,1
incomplete,1
sending,1
types,1
harvest,1
first-rate,1
persistently,1
greatly,1
nuisance,1
lucky,1
provoke,1
mysterious,1
sticketh,1
optic,1
female,1
detestable,1
extraordinary,1
calls,1
sight,1
courage,1
celibacy,1
keeping,1
gbnewby,1
thursday,1
bankruptcy,1
pretended,1
demeanour,1
ensure,1
ride,1
heads,1
belonging,1
visit,1
blank,1
commands,1
touched,1
anguish,1
drinks,1
fun,1
decide,1
converts,1
nicer,1
canvas,1
reason,1
box-bordered,1
dress,1
pointless,1
wonderfully,1
sudden,1
french,1
celibate,1
stony,1
compilation,1
longer,1
'absolute,1
dictating,1
bunburyists,1
dinner-table,1
irritant,1
strangled,1
expects,1
hate,1
sees,1
ghastly,1
persons,1
respectability,1
'as-is',1
maximum,1
tied,1
2006,1
iso-646-us,1
grammar,1
he'll,1
window--i,1
closer,1
distraction,1
close,1
aristocracy,1
victim,1
brighton,1
txt,1
sows,1
chaps,1
playing,1
unhappily,1
problems,1
ranks,1
school,1
mary,1
canon,1
anxiously,1
noise,1
gower,1
exporting,1
indemnify,1
paperwork,1
tree,1
bunburyed,1
realize,1
boys',1
brother--his,1
talking,1
notice,1
unsatisfactory,1
possessed,1
ensuring,1
501,1
orders,1
thrift,1
natural,1
--my,1
evensong,1
deserve,1
illness,1
serve,1
smooches,1
felt,1
family,1
cuffs,1
crossing,1
eighteen,1
madam,1
signs,1
proprietary,1
profits,1
pain,1
eternal,1
garb,1
flesh,1
moonlight,1
control,1
figure,1
mother,1
debts,1
network,1
allusion,1
times,1
households,1
understand--a,1
neologistic,1
destined,1
enduring,1
thing,1
irritate,1
wall-paper,1
pray,1
death,1
sweetness,1
crushed,1
intrude,1
purple,1
watching,1
astonish,1
untenanted,1
horror,1
porch,1
dwells,1
nature,1
scepticism,1
names,1
impression,1
mississippi,1
jenkins,1
replaces,1
ccx074,1
night,1
impossibility,1
ripeness,1
divine,1
bolton,1
hand-bag--a,1
gentle,1
life,1
bureau,1
elms,1
bottom,1
london,1
repentance,1
lancing,1
wait,1
military,1
accepting,1
bowed,1
induce,1
polite,1
loved,1
indiscretion--has,1
cleverness,1
white,1
wrong,1
admit,1
excuse,1
original,1
despite,1
allen,1
to-night,1
glass,1
reforming,1
rain,1
heirs,1
laws,1
catching,1
sincerity,1
aware,1
late,1
bills,1
music-room,1
scientific,1
dizzy,1
corrected,1
produced,1
excited,1
believe--and,1
diagonally,1
goodness,1
hospitality,1
outrage,1
meditative,1
pathetic,1
practice,1
earnest,1
charges,1
lake,1
596-1887,1
clothes,1
eh,1
husband's,1
self-control,1
roses,1
suffer,1
shallow,1
valuable,1
grounds,1
unalterable,1
missed,1
gentlemen,1
companion,1
essentially,1
harmless,1
presses,1
babies,1
visible,1
bangle,1
frightened,1
check,1
short-sighted,1
move,1
principles,1
publication,1
depend,1
instinctively,1
104,1
trunks,1
captain,1
colonel,1
60,1
accessible,1
personification,1
irene,1
literature,1
sequence,1
florid,1
gathered,1
smoothly,1
seldom,1
unheard,1
bushes,1
repetition,1
relations,1
round,1
generals,1
indirectly,1
luxuriously,1
pagan,1
relapse,1
provincial,1
anonymous,1
gouged,1
principle,1
effeminate,1
punctuality,1
taxes,1
cottages,1
deeper,1
tragedy,1
capital,1
hiding,1
crawling,1
think--i,1
lined,1
flamboyant,1
lame,1
remember,1
carried,1
calculating,1
leamington,1
indicate,1
west,1
over-educated,1
separation,1
14th,1
entered,1
creditors,1
invalids,1
ground,1
people,1
bad,1
story-making,1
turn,1
glasses,1
inspires,1
meeting,1
finding,1
print,1
edition,1
record,1
trust,1
parlor,1
beg,1
train,1
heretical,1
refuted,1
three-quarters,1
executive,1
buried,1
brow,1
fluently,1
entry,1
politics,1
proper,1
distinguish,1
inexcusable,1
dangerous,1
unwell,1
undeceive,1
catches,1
facts,1
climate,1
remove,1
derive,1
donation,1
humiliation,1
rapidly,1
remind,1
irretrievably,1
encouraged,1
string,1
studying,1
shades,1
enjoy,1
seats,1
lurid,1
eyes,1
wallowing,1
were--well,1
explanations,1
completely,1
fiction,1
detach,1
proofread,1
methuen,1
stiffly,1
spend,1
niel,1
dim,1
cost,1
fierce,1
foot,1
injury,1
updated,1
ceremony,1
fifty,1
chapter,1
arabesque,1
real,1
lane,1
bloated,1
candid,1
cloud,1
engagement,1
restraining,1
groans,1
associated,1
virus,1
deletions,1
brothers,1
catch,1
proposal,1
steps,1
chairs,1
geography,1
convinced,1
garden,1
fireworks,1
carefully,1
refer,1
thoughtfully,1
warn,1
brightly,1
alter,1
examine,1
request,1
party,1
inscription,1
expect,1
bowing,1
scholar's,1
peculiarity,1
2011,1
queer,1
live,1
view,1
front,1
going,1
lengths,1
stock-brokers,1
produce,1
invalid,1
pint,1
shared,1
uncertainty,1
gold,1
knees,1
room,1
fancies,1
favourable,1
distasteful,1
firm,1
cup,1
arm,1
seizes,1
science,1
acted,1
regret,1
comment,1
listening,1
melan,1
irs,1
movement,1
separately,1
occupy,1
figures,1
excitement,1
knew,1
knobs,1
sternly,1
thoroughly,1
christening,1
reports,1
data,1
internal,1
city,1
email,1
survive,1
approach,1
',1
oneself,1
fascination,1
astray,1
attentive,1
tampers,1
flourishing,1
bad--at,1
stood,1
perhaps--,1
runs,1
upright,1
minutes,1
unfortunate,1
offer,1
grimace,1
legislation,1
pocket,1
absurdly,1
morbid,1
it--an,1
round--it,1
ascii,1
declare,1
full,1
renovate,1
clearly,1
greater,1
wine,1
angrily,1
refuse,1
terminus,1
charge,1
deductible,1
analogies,1
wholesome,1
domesticity,1
lease,1
strip,1
depends,1
manner,1
latest,1
public,1
stain,1
monday,1
cloak-,1
felicity--but,1
darling,1
butler,1
novel,1
year,1
leaves,1
parting,1
aristocratic,1
music,1
enjoyment,1
2008,1
scoffs,1
spot,1
match,1
assistance,1
grows,1
self-sacrifice,1
weak,1
devoured,1
books,1
double,1
thoughtful,1
sweeps,1
tramples,1
posting,1
25,1
worst,1
weeks,1
dreadfully,1
whitewashed,1
upside,1
provoking,1
chronicle,1
social,1
laid,1
presents,1
incidental,1
problem,1
poorer,1
bother,1
break,1
speculation,1
sticks,1
jane,1
neck,1
curious,1
bored,1
forgotten,1
invaluable,1
respect,1
attached,1
merchantibility,1
shilly-shallying,1
blackberry,1
yards,1
boat,1
absolutely,1
paint,1
tendency,1
dearest,1
morning,1
poor,1
slowly,1
income,1
escape,1
interpreted,1
salt,1
bought,1
22nd,1
patronising,1
secure,1
long,1
things,1
absorb,1
private,1
waists,1
forward,1
eldest,1
luncheon-basket,1
consequence,1
pure,1
papers,1
envelopes,1
indecorous,1
wake,1
one's,1
deepshaded,1
terror,1
thought,1
inquiringly,1
appear,1
waist,1
grave,1
crowded,1
second,1
unenforceability,1
changeable,1
melancholy,1
august,1
seated,1
rupee,1
shriek,1
inharmonious,1
colour,1
brilliant,1
daresay,1
women,1
choose,1
array,1
retreating,1
thrill,1
violence,1
centre,1
guides,1
pale,1
deposit,1
spelled,1
affectionate,1
bred,1
stops,1
gentlest,1
rest,1
feelings,1
unreadable,1
enter,1
quarter,1
fifeshire,1
reconsider,1
remedies,1
journey,1
frank,1
marechal,1
scissors,1
mark,1
humiliating,1
1999,1
--perhaps,1
basely,1
parties,1
ordeal,1
grand-daughter,1
expose,1
actual,1
momentary,1
hurt,1
kneeling,1
reference,1
answers,1
note,1
vines,1
care,1
find,1
anxious,1
manners,1
flight,1
peace,1
displayed,1
current,1
subscribe,1
shake,1
bachelor's,1
brings,1
smoking-,1
immoral,1
temptation,1
shoot,1
wonder--i,1
fairly,1
window,1
pronounced,1
hated,1
bulbous,1
everlastingness,1
servants,1
third,1
cease,1
finally,1
entire,1
wasted,1
wilderness,1
instinct,1
gardeners,1
strong,1
honour,1
consider,1
heavens,1
hesitation,1
bracknell's,1
have--markby,1
laetitia,1
marked,1
offend,1
formed,1
creeps,1
blame,1
mere,1
write,1
comfort,1
country,1
there's,1
ten,1
cheerily,1
defence,1
moving,1
suspect,1
fear,1
till,1
bitterly,1
introduced,1
opens,1
brand,1
memories,1
cards,1
treated,1
grand,1
crosses,1
mattress,1
depression--a,1
crowds,1
disposition,1
sinks,1
certificates,1
police,1
overhead,1
upsetting,1
lane's,1
competition,1
reclaim,1
melodramatic,1
delicate,1
let's,1
feel,1
town,1
horizontal,1
liver,1
painfully,1
agricultural,1
ostentatiously,1
manuscript,1
health,1
dentists,1
suits,1
consolation,1
meal,1
creeping,1
language,1
high,1
age,1
puts,1
bunburying,1
agitated,1
dignified,1
noises,1
argument,1
recoiling,1
resigned,1
yew-tree,1
debonnair,1
ill,1
analyze,1
fainted,1
included,1
galore,1
writing,1
trees,1
scratched,1
noblest,1
satirically,1
reply,1
confidence,1
considerably,1
continuing,1
abide,1
redistribute,1
spread,1
reckless,1
gravity,1
wednesday,1
gently,1
separate,1
color,1
hates,1
order,1
rental,1
trespassing,1
british,1
coming,1
twenty,1
return,1
modification,1
identification,1
treatment,1
grief,1
brother's,1
divorce,1
crape,1
tiresome,1
jump,1
word,1
--to,1
lights,1
depression,1
amusement,1
simply,1
consoles,1
surrender,1
square,1
approve,1
doting,1
goals,1
i'd,1
talked,1
girlish,1
meals,1
womanthrope,1
save,1
furniture,1
debased,1
young,1
couldn't,1
cold,1
adults,1
faults,1
fell,1
tall,1
empire,1
growths,1
silence,1
excellent,1
intended,1
hours,1
happiness,1
middle-aged,1
84116,1
increasing,1
festal,1
conceited,1
adopt,1
tedious,1
tea-table,1
accustomed,1
endless,1
stained,1
hall,1
horrid,1
week,1
improve,1
worn,1
displeased,1
knot,1
'to-day,1
angel,1
attention,1
temporary,1
phosphates,1
shaded,1
send,1
gentleness,1
chooses,1
mean--so,1
recommending,1
alteration,1
passionate,1
sorrow,1
comparatively,1
tories,1
idiotic,1
piece,1
allude,1
clear,1
trusty,1
thirty,1
swamp,1
behalf,1
writes,1
dream,1
willis's,1
theory,1
fruits,1
perplexing,1
road,1
presumptuous,1
gross,1
tears,1
contract,1
provision,1
celebrations,1
degree,1
hard,1
decent,1
regard,1
obliged,1
encourage,1
minor,1
lamplight,1
ancestral,1
dear,1
off--the,1
effort,1
impossible,1
approaching,1
succeeded,1
church,1
admire,1
dressing-room,1
merrily,1
work,1
places,1
hour,1
stands,1
delight,1
announcement,1
questions,1
admission,1
knowledge,1
prohibition,1
oftener,1
drama,1
abandoned,1
pleasanter,1
tonics,1
follow,1
arms,1
dug,1
expressing,1
saturday,1
period,1
grimly,1
details,1
mission,1
arranging,1
ordered,1
hang,1
depended,1
pleases,1
soul,1
patient,1
fall,1
closely,1
die,1
dumbleton,1
expense,1
elect,1
violates,1
methods,1
loose,1
loss,1
evelyn,1
proved,1
simplicity,1
danger,1
guarantee,1
advice,1
grotesques,1
obvious,1
occasionally,1
satisfied,1
disgraceful,1
interposing,1
disliking,1
gregory,1
ignorance,1
realise,1
dressed,1
market,1
evening,1
enters,1
undeceived,1
coldly,1
perrier-jouet,1
single,1
punctual,1
disown,1
aim,1
awake--o,1
forgot,1
fortunate,1
julia,1
higher,1
lie,1
isolated,1
rising,1
terrible,1
indignation,1
arrived,1
astounded,1
girl's,1
annoyed,1
unromantic,1
you're,1
crumpets,1
refined,1
secretly,1
appetite,1
mask,1
presence,1
usual,1
voice,1
newspapers,1
advisable,1
picture,1
male,1
dislike,1
calculated,1
stored,1
64-6221541,1
surprise,1
sound,1
inspects,1
invited,1
interests,1
mansion,1
schedule,1
hands,1
claim,1
sweet,1
christened,1
credulity,1
messrs,1
months,1
decided,1
1869,1
leclercq,1
class,1
authors,1
hypocrisy,1
frowning,1
advantage,1
god's,1
org,1
confuse,1
child,1
lot,1
fade,1
headlong,1
exciting,1
mallam,1
appearing,1
reasonable,1
owed,1
statements,1
ceased,1
demoralising,1
hallo,1
observation,1
corner--but,1
three,1
forty-two,1
sensational,1
dare,1
hesitatingly,1
indignantly,1
folly,1
void,1
dyall,1
refreshment,1
extravagance,1
reveal,1
reside,1
angry--asked,1
proposed,1
false,1
picking,1
theatre,1
attribute,1
excessively,1
amount,1
fireplace,1
mistake,1
directions,1
sympathy,1
locked,1
faith,1
openly,1
wharf,1
seaweeds,1
crosslights,1
nowadays,1
intimately,1
naturally,1
bottle,1
wipe,1
literary,1
punitive,1
reap,1
delivered,1
peile,1
gloves,1
geology,1
requires,1
matrimony,1
equally,1
hanging,1
streak,1
asks,1
bay,1
chase,1
mentioning,1
examining,1
meditatively,1
position,1
stamp,1
infinitely,1
experiences,1
marvellous,1
accurate,1
express,1
draughts,1
tragic,1
price,1
smoking,1
upstairs,1
lifetime,1
stealing,1
touches,1
meet,1
probable,1
restraints,1
abstraction,1
recall,1
creation,1
reminds,1
surely,1
blessing,1
bachelors,1
clean,1
mothers,1
smelled,1
creepy,1
better,1
crawl,1
yesterday,1
moment,1
whooping,1
agreed,1
happy,1
profitless,1
duchess,1
finish,1
proudly,1
extreme,1
case,1
cellar,1
walk,1
accounts,1
superciliously,1
forced,1
small,1
concerned,1
statistics,1
specially,1
subsequently,1
lining,1
shakes,1
compressed,1
feels,1
languidly,1
gerald,1
exotic,1
trouble,1
store,1
chair,1
scene,1
errors,1
pleased,1
glares,1
renamed,1
imposed,1
toothache,1
aback,1
rule,1
reminding,1
ideas,1
alternation,1
sphere,1
parasol,1
exist,1
breaking,1
149,1
prettiest,1
forbid,1
invalidity,1
card,1
to-,1
slaps,1
reproachful,1
unreasonably,1
spots,1
housekeeper,1
way--it,1
county,1
manor,1
satisfactory,1
unpublished,1
receiving,1
checks,1
shan't,1
experience,1
careless,1
deceit,1
began,1
thrown,1
teeth,1
constantly,1
tint,1
splintered,1
enthusiastic,1
prior,1
kissed,1
custom,1
trains,1
cleared,1
20,1
possibility,1
search,1
interment,1
furnished,1
expressly,1
divorces,1
scotland,1
garden--large,1
artistic,1
help,1
calm,1
question,1
intention,1
generous,1
remaining,1
adapted,1
unkind,1
1895,1
accurately--any,1
club,1
surmised,1
secrets,1
pack,1
axe,1
lord,1
died,1
described,1
employee,1
enjoys,1
fruit,1
crawls,1
lift,1
re-use,1
1952,1
house--i,1
stir,1
incident,1
finished,1
absolute,1
finger,1
gervase,1
black,1
equanimity,1
hadn't,1
lower,1
complaining,1
gwendolen's,1
temperament,1
wall-paper--he,1
hides,1
fate,1
hangings,1
prescription,1
sun,1
examples,1
lifted,1
allowed,1
sounds,1
fixed,1
convincing,1
rushing,1
general's,1
govern,1
retires,1
entrancing,1
more--i,1
spite,1
remarkably,1
trusting,1
draws,1
lady,1
thomas,1
governess,1
unbearable,1
caught,1
shocked,1
refused,1
conscientiously,1
matter,1
downstairs,1
july,1
arduous,1
ancient,1
bites,1
nervously,1
matters,1
impressions,1
muffin,1
irritably,1
join,1
recollect,1
donors,1
twins,1
posture,1
phosphites--whichever,1
village,1
sensitive,1
judge,1
duty,1
companionship,1
distrusted,1
valued,1
to-day,1
lieutenant-colonel,1
fundraising,1
service,1
pg,1
liar,1
transcribed,1
calamity,1
bedrooms,1
joints,1
clearer,1
house,1
husband,1
bed,1
smouldering,1
impertinence,1
symmetry,1
romanesque,1
connect,1
common,1
uplifted,1
corrupt,1
frankness,1
like--algernon--for,1
woolton,1
strikes,1
mastered,1
betrayed,1
gnarly,1
hatred,1
premature,1
bag,1
delightful,1
curls,1
hat,1
undulating,1
professional,1
lead,1
distinctly,1
reduced,1
sign,1
scheme,1
inspection,1
waiting,1
nature--i,1
discovered,1
involuntary,1
knowing,1
maxbohm,1
convert,1
carry,1
outdated,1
remains,1
basis,1
strangest,1
noticed,1
intense,1
well,1
exhaust,1
strength,1
time,1
querulous,1
immovable,1
heard,1
elder,1
purchased,1
nephew's,1
representations,1
accessed,1
hypertext,1
kneels,1
'mr,1
regular,1
foul,1
patent,1
english,1
change,1
grape-covered,1
chintz,1
stripped,1
sin,1
walking,1
recurrent,1
idea,1
finds,1
sooner,1
crush,1
doctors,1
investigations,1
portmanteaus,1
drawing-room,1
depress,1
smiling,1
underway,1
wind,1
step,1
commit,1
weigh,1
bargain,1
inanimate,1
profession,1
waves,1
unpleasant,1
greedy,1
household,1
consternation,1
temperance,1
99712,1
undivided,1
bell,1
spare,1
score,1
toadstool,1
cried,1
direction,1
torn,1
fully,1
carries,1
--how,1
lavished,1
indigestion,1
easy,1
convulsively,1
ceremonies,1
introduce,1
glances,1
prefer,1
heart,1
children,1
entertain,1
blessed,1
comfortable,1
habit,1
entertainment,1
waddling,1
know--but,1
that's,1
communication,1
registration,1
grandfather's,1
inform,1
telling,1
fingers,1
cut,1
mamma's,1
abroad,1
exacted,1
sleep,1
restrained,1
be--and,1
chance,1
inspire,1
markby's,1
grosvenor,1
pglaf,1
ein,1
ak,1
deep,1
mourning,1
lover's,1
dining,1
behave,1
feeling,1
--but,1
patience,1
stimulus--but,1
shade,1
best,1
deceitful,1
receding,1
deny,1
guests,1
explosion,1
altogether,1
profit,1
customary,1
increase,1
published,1
privately,1
notorious,1
permit,1
shady,1
so--i,1
short,1
understand,1
opinion,1
grieved,1
prove,1
triviality,1
incomparable,1
topic,1
ribbon,1
marries,1
now--but,1
interesting,1
aren't,1
tutelage,1
holds,1
delighted,1
perform,1
blessings,1
endure,1
speculations,1
supposing,1
bars,1
whatsoever,1
weakness,1
company,1
bound,1
sadly,1
served,1
insuperable,1
equality,1
marry,1
hearing,1
returned,1
initials,1
4,1
easily,1
fitness,1
unsolicited,1
bishop,1
perfection,1
advise,1
shudder,1
sincere,1
semi-recumbent,1
shining,1
january,1
brother--they,1
candidly--,1
mercenary,1
platform,1
contrary,1
binary,1
identify,1
listen,1
attitude,1
goodness',1
asleep,1
worlds,1
believed,1
neglect,1
nursery,1
faded,1
corner,1
older,1
nephew,1
redoubled,1
astonishment,1
scoundrel,1
motions,1
blue,1
betoken,1
tune,1
fungus,1
volunteer,1
letting,1
columns,1
mental,1
chafe,1
cloak-room,1
extravagant,1
calculate,1
damaged,1
trials,1
criticism,1
sententiously,1
bet,1
bloom,1
parcel,1
hereditary,1
faster,1
vicinity,1
sporran,1
smile,1
cross,1
attentively,1
indirect,1
discover,1
000,1
hard-working,1
nice,1
saw--not,1
perkins,1
release,1
brother,1
lolls,1
winding,1
assure,1
misunderstanding,1
authenticity,1
birth,1
844,1
february,1
rectory,1
vessels,1
primary,1
sly,1
suicide--plunge,1
contradictions,1
pick,1
drink,1
twenty-eight,1
defects,1
2001,1
gratefully,1
weather,1
dining-room,1
,1
consumed,1
cups,1
daily,1
jacket,1
await,1
gay,1
acquire,1
opened,1
rings,1
kindly,1
post,1
bows,1
branded,1
emotional,1
named,1
negligence,1
pleasures,1
play,1
o'clock,1
cigarette,1
problematic,1
immaterial,1
buttercups,1
why--privately--i've,1
colonial,1
nervousness,1
formless,1
rarely,1
business,1
clever,1
unhappy,1
medical,1
goodbye,1
pew-opener,1
algy's,1
solicitation,1
basket,1
england,1
abused,1
repairs,1
positively,1
unblinking,1
sister,1
arranged,1
dreadful,1
opera,1
esteemed,1
f3,1
consequential,1
learn,1
ut,1
confirmed,1
interfered,1
laugh,1
thinking,1
fastened,1
slight,1
disagree,1
care--there,1
cases,1
suppose,1
stairs,1
north,1
pity,1
husbands,1
repeat,1
idle,1
mustn't,1
east,1
practical,1
sickly,1
atrocious,1
nap,1
modern,1
retort,1
fashionable,1
drop,1
written,1
consequently,1
committed,1
constituted,1
comments,1
halls,1
relatives,1
worse,1
silly,1
john's,1
romance,1
quietly,1
meaning,1
prevention,1
confessed,1
christening--i,1
slightingly,1
alive,1
tie,1
push,1
cheaply,1
advanced,1
bores,1
elaborate,1
addresses,1
court,1
doubted,1
dictation,1
mania,1
glibly,1
paper--the,1
well-hidden,1
angles,1
satisfies,1
repaper,1
bedstead,1
fatuity,1
half,1
musn't,1
scornful,1
simple,1
improvements,1
grotesque,1
savour,1
sex,1
rules,1
scattered,1
credit,1
gilman,1
miles,1
side,1
suddenly,1
exercises,1
pretending,1
sofa,1
linked,1
wear,1
member,1
drawn,1
evidently,1
toadstools,1
tired,1
point,1
large,1
groan,1
nonproprietary,1
opportunities,1
organized,1
rector's,1
promised,1
occupation,1
trip,1
gates,1
supplies,1
walks,1
vegetarians,1
couples,1
luggage,1
number,1
origin,1
open,1
hurriedly,1
remote,1
happier,1
transcribe,1
imagine,1
us-ascii,1
subjects,1
mislaid,1
retain,1
lasted,1
trusted,1
profligate,1
torturing,1
convolutions--why,1
that--you'll,1
mind,1
oil,1
unmixed,1
foolish,1
interested,1
fair,1
one--the,1
maintaining,1
commended,1
hatband,1
reproachfully,1
declared,1
society,1
strange,1
wished,1
pillow-case,1
hop,1
perseverance,1
adds,1
brought,1
wonderful,1
permanent,1
consideration,1
destiny,1
ladies,1
infant,1
performed,1
processing,1
synonymous,1
809,1
conduce,1
blurt,1
irresistible,1
unionist,1
sussex,1
moon--i,1
lying,1
it--there,1
move--and,1
fits,1
license,1
--he,1
caused,1
wearing,1
lip,1
require,1
overlook,1
christen,1
impetuous,1
rose,1
classical,1
forgiving,1
refusing,1
paper--in,1
reproach,1
tradesmen,1
alliance,1
replace,1
away--you,1
pay,1
appealingly,1
scandalous,1
rely,1
ray--it,1
funny,1
shadow,1
greenhouses,1
i'm,1
solely,1
relieve,1
tremens--go,1
directly,1
asked,1
salver,1
true,1
stayed,1
memory,1
curiously,1
beastly,1
lays,1
room--it,1
restrictions,1
coheirs,1
gymnasium,1
weir,1
whistle,1
punished,1
families,1
inquisitive,1
hold,1
half-past,1
responsible,1
encouraging,1
ideals,1
liberal,1
watched,1
encoding,1
distance,1
toy,1
bed--it,1
frieze,1
hourly,1
susceptible,1
indicating,1
canonical,1
dressing-case,1
march,1
james's,1
enormously,1
propounding,1
electric,1
nearer,1
james,1
phrased,1
back-somersault,1
twilight,1
place,1
committing,1
epidemic,1
humble,1
frederick,1
uniform,1
international,1
accepted,1
doctor,1
tendency--what,1
changed,1
sexes,1
expected,1
supposed,1
amazed,1
directory,1
newby,1
size,1
complete,1
scrape,1
pass,1
acres,1
myth,1
started,1
pretty,1
ungrateful,1
offering,1
ahem,1
bends,1
unexpectedly,1
book,1
share,1
e-mail,1
quality,1
wagnerian,1
carriage,1
exception,1
solitude,1
wealth,1
trivet,1
mopboard,1
derision,1
air,1
appearance,1
reaches,1
offers,1
fearful,1
disk,1
sections,1
regulating,1
chronicles,1
prevents,1
conceal,1
subtlest,1
dead,1
wanted,1
sideways,1
friendship,1
secret,1
pleasantly,1
retire,1
turns,1
disrespectfully,1
scandal,1
metropolitan,1
law,1
noble,1
1840,1
version,1
reported,1
50,1
preached,1
anxiety,1
sends,1
weaker,1
manage,1
tear,1
start,1
making,1
hertfordshire,1
address,1
aspect,1
raising,1
dared,1
tells,1
amused,1
conscious,1
frighten,1
bright,1
stooping,1
guess,1
ward,1
you--are,1
seriously,1
stopped,1
behaved,1
additions,1
bitter,1
accepts,1
sole,1
superstition,1
beautiful,1
big,1
months',1
called,1
straight,1
frequently,1
killed,1
three-volume,1
thoughts,1
unsound,1
fashion,1
pays,1
securely,1
living,1
empty,1
myself--before,1
unclean,1
stake,1
absence,1
sermons,1
midnight,1
misanthrope,1
candle,1
round--round,1
pattern--it,1
